{
    "name": "kissy-cake",
    "desc": "description of your app",
    "version": "0.0.1",
    "type": "kissy-cake",
    "type-url": "http://abc.f2e.taobao.net/spec/kissy-cake",
    "author": {
        "name": "gafish",
        "email": "gafish@qq.com"
    },
    "repository": {
        "type": "git",
        "url": "",
        "publish": ""
    },
    "_kissy_cake": {
        "groups": {},
        "styleEngine": "less",
        "defaults": {
            "pages": [],
            "widgets": []
        }
    }
}